avg,p50,p95,throughput,avg_extractions,avg_relaxations
0.001553800999536179,0.0016308499907609075,0.0026437050168169663,643.5830587691134,852.02,870.81
