avg,p50,p95,throughput,avg_extractions,avg_relaxations
0.0016955030005192384,0.0015731000166852027,0.0034709049854427577,589.79547644195,1533.89,1602.88
